{
  "credit": "Made with Blockbench",
  "parent": "builtin/entity",
  "texture_size": [
    1024,
    1024
  ],
  "display": {
    "thirdperson_righthand": {
      "rotation": [
        75,
        45,
        0
      ],
      "translation": [
        0,
        2.5,
        0
      ],
      "scale": [
        0.125,
        0.125,
        0.125
      ]
    },
    "thirdperson_lefthand": {
      "rotation": [
        75,
        45,
        0
      ],
      "translation": [
        0,
        2.5,
        0
      ],
      "scale": [
        0.125,
        0.125,
        0.125
      ]
    },
    "firstperson_righthand": {
      "rotation": [
        -180,
        65,
        -180
      ],
      "scale": [
        0.13333333333333333,
        0.13333333333333333,
        0.13333333333333333
      ]
    },
    "firstperson_lefthand": {
      "rotation": [
        -180,
        65,
        -180
      ],
      "scale": [
        0.13333333333333333,
        0.13333333333333333,
        0.13333333333333333
      ]
    },
    "ground": {
      "translation": [
        0,
        3,
        0
      ],
      "scale": [
        0.08333333333333333,
        0.0833333333,
        0.0833333333
      ]
    },
    "gui": {
      "rotation": [
        0,
        -180,
        0
      ],
      "scale": [
        0.1,
        0.1,
        0.1
      ]
    },
    "head": {
      "scale": [
        0.3333333333333333,
        0.3333333333333333,
        0.3333333333333333
      ]
    },
    "fixed": {
      "translation": [
        0,
        0,
        -8.25
      ]
    }
  },
  "textures": {
    "particle": "item/pizzeriasign-large-fnafmovie1"
  }
}