{
	"format_version": "1.8.0",
	"animations": {
		"animation.model.idle": {
			"loop": true,
			"animation_length": 2,
			"bones": {
				"pivot": {
					"position": {
						"0.0": {
							"vector": [0, -1.25, 0]
						},
						"2.0": {
							"vector": [0, -1.25, 0]
						}
					}
				},
				"body": {
					"rotation": {
						"0.0": {
							"vector": [5, 0, -5]
						},
						"1.0": {
							"vector": [10, 0, -5]
						},
						"2.0": {
							"vector": [5, 0, -5]
						}
					}
				},
				"rarm": {
					"rotation": {
						"0.0": {
							"vector": [-55.14233, -36.8032, 76.55593]
						},
						"1.25": {
							"vector": [-57.90281, -30.5429, 81.52508]
						},
						"2.0": {
							"vector": [-55.14233, -36.8032, 76.55593]
						}
					},
					"position": {
						"0.0": {
							"vector": [-0.17876, -1.7608, 0.93147]
						},
						"2.0": {
							"vector": [-0.17876, -1.7608, 0.93147]
						}
					}
				},
				"larm": {
					"rotation": {
						"0.0": {
							"vector": [-20, 0, -20]
						},
						"2.0": {
							"vector": [-20, 0, -20]
						}
					},
					"position": {
						"0.0": {
							"vector": [0.32139, -0.88302, -0.34202]
						},
						"2.0": {
							"vector": [0.32139, -0.88302, -0.34202]
						}
					}
				},
				"head": {
					"rotation": {
						"0.0": {
							"vector": [0.43439, 2.462, 12.50933]
						},
						"0.7917": {
							"vector": [-4.45415, 2.6586, 15.00408],
							"easing": "easeInOutSine"
						},
						"2.0": {
							"vector": [0.43439, 2.462, 12.50933]
						}
					},
					"position": {
						"0.0": {
							"vector": [0, -1, -2]
						},
						"2.0": {
							"vector": [0, -1, -2]
						}
					}
				},
				"jaw": {
					"rotation": {
						"0.0": {
							"vector": [25, 0, 0]
						},
						"1.0": {
							"vector": [32.5, 0, 0],
							"easing": "easeInBack"
						},
						"2.0": {
							"vector": [25, 0, 0],
							"easing": "easeInBack"
						}
					}
				},
				"tail": {
					"rotation": {
						"0.0": {
							"vector": [-37.92445, 7.9185, -6.12673]
						},
						"0.7917": {
							"vector": [-37.92445, -7.9185, 6.12673],
							"easing": "easeInOutSine"
						},
						"2.0": {
							"vector": [-37.92445, 7.9185, -6.12673],
							"easing": "easeInOutSine"
						}
					}
				},
				"lleg": {
					"rotation": {
						"0.0": {
							"vector": [10, -17.5, 0]
						},
						"2.0": {
							"vector": [10, -17.5, 0]
						}
					},
					"position": {
						"0.0": {
							"vector": [0, 1, 0]
						},
						"2.0": {
							"vector": [0, 1, 0]
						}
					}
				},
				"rleg": {
					"rotation": {
						"0.0": {
							"vector": [12.5, 20, 0]
						},
						"2.0": {
							"vector": [12.5, 20, 0]
						}
					},
					"position": {
						"0.0": {
							"vector": [0, 1, -3]
						},
						"2.0": {
							"vector": [0, 1, -3]
						}
					}
				}
			}
		},
		"animation.model.walk": {
			"loop": true,
			"animation_length": 1.5833,
			"bones": {
				"pivot": {
					"position": {
						"0.0": {
							"vector": [0, -0.25, 0]
						},
						"0.4167": {
							"vector": [0, 0, 0],
							"easing": "easeInOutSine"
						},
						"0.7917": {
							"vector": [0, -0.25, 0],
							"easing": "easeInOutSine"
						},
						"1.1667": {
							"vector": [0, 0, 0],
							"easing": "easeInOutSine"
						},
						"1.5833": {
							"vector": [0, -0.25, 0],
							"easing": "easeInOutSine"
						}
					}
				},
				"body": {
					"rotation": {
						"0.0": {
							"vector": [10.5, 4.33, 5.18]
						},
						"0.2083": {
							"vector": [10.20837, 4.78685, 2.7191],
							"easing": "easeInOutSine"
						},
						"0.5833": {
							"vector": [10.79884, -3.87567, -7.64466],
							"easing": "easeInOutSine"
						},
						"0.9583": {
							"vector": [10.20837, -4.78685, -2.7191],
							"easing": "easeInOutSine"
						},
						"1.375": {
							"vector": [10.79884, 3.87567, 7.64466],
							"easing": "easeInOutSine"
						},
						"1.5833": {
							"vector": [10.5, 4.33, 5.18],
							"easing": "easeInOutSine"
						}
					},
					"position": {
						"0.0": {
							"vector": [0.25, -0.25, 0]
						},
						"0.2083": {
							"vector": [0, 0, 0],
							"easing": "easeInOutSine"
						},
						"0.5833": {
							"vector": [-0.5, -0.5, 0],
							"easing": "easeInOutSine"
						},
						"0.9583": {
							"vector": [0, 0, 0],
							"easing": "easeInOutSine"
						},
						"1.375": {
							"vector": [0.5, -0.5, 0],
							"easing": "easeInOutSine"
						},
						"1.5833": {
							"vector": [0.25, -0.25, 0],
							"easing": "easeInOutSine"
						}
					}
				},
				"rarm": {
					"rotation": {
						"0.0": {
							"vector": [34.82897, -62.29228, -33.47923]
						},
						"0.4167": {
							"vector": [65.49181, -64.03424, -58.07941],
							"easing": "easeInOutSine"
						},
						"0.7917": {
							"vector": [47.32897, -62.29228, -33.47923],
							"easing": "easeInOutSine"
						},
						"1.25": {
							"vector": [59.21841, -69.01072, -51.67188],
							"easing": "easeInOutSine"
						},
						"1.5833": {
							"vector": [34.82897, -62.29228, -33.47923],
							"easing": "easeInOutSine"
						}
					},
					"position": {
						"vector": [0.0076, -0.99619, -0.08682]
					}
				},
				"larm": {
					"rotation": {
						"0.0": {
							"vector": [-39.25016, -19.83582, -9.87374]
						},
						"0.4167": {
							"vector": [-41.76226, -12.46008, -10.71552],
							"easing": "linear"
						},
						"0.7917": {
							"vector": [-44.02315, -5.8219, -11.47312],
							"easing": "linear"
						},
						"1.2083": {
							"vector": [-46.51105, -13.19765, -10.63134],
							"easing": "linear"
						},
						"1.5833": {
							"vector": [-39.25016, -19.83582, -9.87374],
							"easing": "linear"
						}
					}
				},
				"head": {
					"rotation": {
						"0.0": {
							"vector": [-2.5, 0, 0]
						},
						"0.4167": {
							"vector": [-5, 0, 0],
							"easing": "easeInOutSine"
						},
						"0.7917": {
							"vector": [-2.5, 0, 0],
							"easing": "easeInOutSine"
						},
						"1.2083": {
							"vector": [-5, 0, 0],
							"easing": "easeInOutSine"
						},
						"1.5833": {
							"vector": [-2.5, 0, 0],
							"easing": "easeInOutSine"
						}
					},
					"position": {
						"0.0": {
							"vector": [0, -1, -2]
						},
						"0.7917": {
							"vector": [0, -1, -2],
							"easing": "easeInOutSine"
						},
						"1.5833": {
							"vector": [0, -1, -2],
							"easing": "easeInOutSine"
						}
					}
				},
				"jaw": {
					"rotation": {
						"vector": [25, 0, 0]
					}
				},
				"tail": {
					"rotation": {
						"0.0": {
							"vector": [-37.92445, 7.9185, -6.12673]
						},
						"0.7917": {
							"vector": [-37.92445, -7.9185, 6.12673],
							"easing": "easeInOutSine"
						},
						"1.5833": {
							"vector": [-37.92445, 7.9185, -6.12673],
							"easing": "easeInOutSine"
						}
					}
				},
				"lleg": {
					"rotation": {
						"0.0": {
							"vector": [-15, -10, 0]
						},
						"0.4167": {
							"vector": [13.26078, -4.05655, -2.54234],
							"easing": "linear"
						},
						"0.7917": {
							"vector": [14.94548, 1.29256, -4.83045],
							"easing": "linear"
						},
						"1.2083": {
							"vector": [11.6847, -4.65089, -2.28811],
							"easing": "linear"
						},
						"1.5833": {
							"vector": [-15, -10, 0],
							"easing": "linear"
						}
					},
					"position": {
						"0.0": {
							"vector": [0, 0, -1]
						},
						"0.7917": {
							"vector": [0, 0, 1],
							"easing": "linear"
						},
						"1.2083": {
							"vector": [0, 1, -2.05],
							"easing": "linear"
						},
						"1.5833": {
							"vector": [0, 0, -1],
							"easing": "linear"
						}
					}
				},
				"rleg": {
					"rotation": {
						"0.0": {
							"vector": [14.94548, -1.29256, 4.83045]
						},
						"0.4167": {
							"vector": [11.6847, 4.65089, 2.28811],
							"easing": "linear"
						},
						"0.7917": {
							"vector": [-15, 10, 0],
							"easing": "linear"
						},